-- populate schools using schools.csv generated by a python faker script, the .csv file is located in data folder and its relative path is included below 
 \copy  schools (scolname, location_country, location_state, location_city, scale_students, scale_faculty) from 'data/schools.csv' delimiter ',' csv header;


-- populate labs using labs.csv generated by a python faker script  
\copy  labs (labname,size_student,size_staff,labdept) from 'data/labs.csv' delimiter ',' csv header;

--populate professors using professors.csv generated by a python faker script  
\copy professors  from 'data/professors.csv' delimiter ',' csv header;

-- populate students using students.csv generated by a python faker script, the .csv file is located in data folder and its relative path is included below 
\copy students  from 'data/students.csv' delimiter ',' csv header;





-- these are from populate_db.sql. To avoid empty qury returns, add these here now 

insert into schools (scolname, location_country, location_state, location_city, scale_students, scale_faculty) values ('name','com','stat','ci',10,10),
('nafme','com','stat','ci',10,10),('dbgdhaf','b','c','d',1000,200),('nffgsvhjelrehkje','com','stat','ci',10,10),('af','b','c','d',1000,200),
('nfe','com','stat','ci',10,10),('bgbhrtazf','b','c','d',1000,200),('nfxe','com','stat','ci',10,10),('acsfdsff','b','c','d',1000,200),
('nafgme','com','stat','ci',10,10),('atnbtgf','b','c','d',1000,200),('nfge','com','stat','ci',10,10),('agf','b','c','d',1000,200),
('nqfe','com','stat','ci',10,10),('aqzf','b','c','d',1000,200),('nqfxfsdfse','com','stat','ci',10,10),('aqcf','b','c','d',1000,200),
('nqffe','com','stat','ci',10,10),('aqzfh','b','c','d',1000,200),('nhqfxe','com','stat','ci',10,10),('aqchf','b','c','d',1000,200),
('nqdfe','com','stat','ci',10,10),('aqdzf','b','c','d',1000,200),('ndqfxe','com','stat','ci',10,10),('aqdcf','b','c','d',1000,200);

insert into departments (scolname, deptname) values ('name','com'),
('nafme','com'),('dbgdhaf','b'),('nffgsvhjelrehkje','com'),('af','b'),
('nfe','com'),('bgbhrtazf','b'),('nfxe','com'),('acsfdsff','b'),
('nafgme','com'),('atnbtgf','b'),('nfge','com'),('agf','b'),
('nqfe','com'),('aqzf','b'),('nqfxfsdfse','com'),('aqcf','b'),
('nqffe','com'),('aqzfh','b'),('nhqfxe','com'),('aqchf','b'),
('nqdfe','com'),('aqdzf','b'),('ndqfxe','com'),('aqdcf','b');

insert into  students (gradname, graddate, adname) values ('name','1999-01-08','com'),('name','2020-05-01','com'),
('nafme','2020-05-01','com'),('dbgdhaf','2020-05-01','b'),('nffgsvhjelrehkje','2020-05-01','com'),('af','2020-05-01','b'),
('nfe','2020-05-01','com'),('bgbhrtazf','2020-05-01','a'),('nfxe','2020-05-01','dbgdhaf'),('acsfdsff','2020-05-01','b'),
('nafgme','2020-05-01','com'),('atnbtgf','2020-05-01','a'),('nfge','2020-05-01','com'),('agf','2020-05-01','b'),
('nqfe','2020-05-01','c'),('aqzf','2020-05-01','b'),('nqfxfsdfse','2020-05-01','a'),('aqcf','2020-05-01','b'),
('nqffe','2020-05-01','c'),('aqzfh','2020-05-01','a'),('nhqfxe','2020-05-01','d'),('aqchf','2020-05-01','b'),
('nqdfe','2020-05-01','c'),('aqdzf','2020-05-01','nfxe'),('ndqfxe','2020-05-01','d'),('aqdcf','2020-05-01','b');


insert into labcolb (prim, secd) values ('name','com'),
('nafme','com'),('dbgdhaf','b'),('nffgsvhjelrehkje','com'),('af','b'),
('nfe','com'),('bgbhrtazf','b'),('nfxe','com'),('acsfdsff','b'),
('nafgme','com'),('atnbtgf','b'),('nfge','com'),('agf','b'),
('nqfe','com'),('aqzf','b'),('nqfxfsdfse','com'),('aqcf','b'),
('nqffe','com'),('aqzfh','b'),('nhqfxe','com'),('aqchf','b'),
('nqdfe','com'),('aqdzf','b'),('ndqfxe','com'),('aqdcf','b');


insert into scolcolb (scola, scolb) values ('name','com'),
('nafme','com'),('dbgdhaf','b'),('nffgsvhjelrehkje','com'),('af','b'),
('nfe','com'),('bgbhrtazf','b'),('nfxe','com'),('acsfdsff','b'),
('nafgme','com'),('atnbtgf','b'),('nfge','com'),('agf','b'),
('nqfe','com'),('aqzf','b'),('nqfxfsdfse','com'),('aqcf','b'),
('nqffe','com'),('aqzfh','b'),('nhqfxe','com'),('aqchf','b'),
('nqdfe','com'),('aqdzf','b'),('ndqfxe','com'),('aqdcf','b');

insert into joindept (joina, joinb,joinname) values ('name','com','stat'),
('nafme','com','stfat'),('dbgdhaf','b','cf'),('nffgsvhjelrehkje','com','stafbtt'),('af','b','csjiwe'),
('nfe','com','staafkvfdst'),('bgbhrtazf','b','dflgkc'),('nfxe','com','statdfgsvk'),('acsfdsff','b','cxck'),
('nafgme','com','statdfsvzb'),('atnbtgf','b','cfgbssss'),('nfge','com','stabdzzzzzt'),('agf','b','zfvffffffc'),
('nqfe','com','stammmmmmt'),('aqzf','b','cmmmmmmki'),('nqfxfsdfse','com','stmmiiiat'),('aqcf','b','cfdhsdkjhajh'),
('nqffe','com','stakkkkkkkt'),('aqzfh','b','vvhhhhhc'),('nhqfxe','com','statvvvv'),('aqchf','b','cccc');

insert into labs (labname,size_student,size_staff,labdept) values ('name','100','22','com'),
('nafme','100','22','com'),('dbgdhaf','100','22','b'),('nffgsvhjelrehkje','100','22','com'),('af','100','22','b'),
('nfe','100','22','com'),('bgbhrtazf','100','22','b'),('nfxe','100','22','com'),('acsfdsff','100','22','b'),
('nafgme','100','22','com'),('atnbtgf','100','22','b'),('nfge','100','22','com'),('agf','100','22','b'),
('nqfe','100','22','com'),('aqzf','100','22','b'),('nqfxfsdfse','100','22','com'),('aqcf','100','22','b'),
('nqffe','100','22','com'),('aqzfh','100','22','b'),('nhqfxe','100','22','com'),('aqchf','100','22','b'),
('nqdfe','100','22','com'),('aqdzf','100','22','b'),('ndqfxe','100','22','com'),('aqdcf','100','22','b');

insert into  professors (email, profdept, birthdate, focus,pilab,sex,profname,npaper) values ('name','d','1999-01-08','com','name','male','com','3'),('namasadfwrwe','q','2020-05-01','com','name','male','qwea','3'),
('nafme','e','2020-05-01','com','name','male','b','3'),('dbgdhaf','e','2020-05-01','b','name','male','qwffe','3'),('nffgsvhjelrehkje','w','2020-05-01','com','name','male','qwfffe','3'),('af','w','2020-05-01','b','name','male','qwfyyyfe','3'),
('nfe','r','2020-05-01','com','name','male','qwfdcce','3'),('bgbhrtazf','t','2020-05-01','b','name','male','d','3'),('nfxe','y','2020-05-01','com','name','male','qwfffffffffe','3'),('acsfdsff','u','2020-05-01','b','name','male','qwnnfe','3'),
('nafgme','a','2020-05-01','com','name','male','a','3'),('atnbtgf','s','2020-05-01','b','name','male','qwfartye','3'),('nfge','x','2020-05-01','com','name','male','qaawfe','3'),('agf','c','2020-05-01','b','name','male','qffhwfe','3'),
('nqfe','v,','2020-05-01','com','name','male','c','3'),('aqzf','qwe','2020-05-01','b','name','male','qyoowfe','3'),('nqfxfsdfse','asd','2020-05-01','com','name','male','qzcvvvwfe','3'),('aqcf','gh','2020-05-01','b','name','male','qwccfe','3'),
('nqffe','l','2020-05-01','com','name','male','qwppppfe','3'),('aqzfh','sa','2020-05-01','b','name','male','qwoofe','3'),('nhqfxe','tyr','2020-05-01','com','name','male','qe','3'),('aqchf','tyutns','2020-05-01','b','name','male','qwfeffv','3'),
('nqdfe','p','2020-05-01','com','name','male','qwlfdfe','3'),('aqdzf','as','2020-05-01','b','name','male','qwofe','3'),('ndqfxe','rtyr','2020-05-01','com','name','male','qwjjfe','3'),('aqdcf','rtryhfgh','2020-05-01','b','name','male','qwfme','3');

insert into profcolb (colba,aemail,colbb,bemail,projname) values ('qwe','name','namxe','csom','stat'),('qwea','namasadfwrwe','nafme','codm','stfat'),('qwfe','nafme','dbgdhaf','db','cf'),('qwffe','dbgdhaf','aqchf','b','cccc'),('qwfffe','nffgsvhjelrehkje','agf','bd','zfvffffffc'),
('qwfyyyfe','af','nfe','com','staafkvfdst'),('qwfdcce','nfe','aqzf','b','cmmmmmmki'),('qwqfe','bgbhrtazf','nqfxfsdfse','com','stmmiiiat'),('qwfffffffffe','nfxe','adsa','ascazc','adacdzcxcv'),('qwnnfe','acsfdsff','qww','wd','csdada'),('qwppfe','nafgme','aqd','jhg','y'),('qwfartye','atnbtgf','tut','ghjjj','jg'),('qaawfe','nfge','sfgsg','ncbv','i'),
('qffhwfe','agf','mjio','ojhn','hg'),('qwfpe','nqfe','ads','dsa','p'),('qyoowfe','aqzf','ki','iui','iou'),('qzcvvvwfe','nqfxfsdfse','fgdfgdvxxx','x','xx'),('qwccfe','aqcf','ffkk','k','llli'),('qwppppfe','nqffe','hyfgy','dfgf','m'),('qwoofe','aqzfh','ttt','hhhhhh','nbvb'),
('qe','nhqfxe','cccd','dddc','cdcd'),('qwfeffv','aqchf','yook','o','oooo'),('qwlfdfe','nqdfe','qqqe','eeeq','qewfffd'),('qwofe','aqdzf','c','cc','ccc'),('qwjjfe','ndqfxe','juy','gjgjgj','gjmb'),('qwfme','aqdcf','dsfdsfsfsf','nnnnnv','fffv');

insert into  collaborators (focus,pilab,profname,email,scolname,birthdate,sex,npaper) values ('qwe','name','namxe','cssdom','stat','1989-01-08','female','3'),('qwea','namasadfwrwe','nafme','cosdadm','stfat','1989-01-08','female','3'),('qwfe','nafme','dbgdhaf','dghfghb','cf','1989-01-08','female','3'),('qwffe','dbgdhaf','aqchf','bjmk','cccc','1989-01-08','female','3'),('qwfffe','nffgsvhjelremhkje','agf','bd','zfvffffffc','1989-01-08','female','3'),
('qwfyyyfe','af','nfe','coikm','staafkvfdst','1989-01-08','female','3'),('qwfdcce','nfe','aqzf','jijb','cmmmmmmki','1989-01-08','female','3'),('qwqfe','bgbhrtazf','nqfxfsdfse','com','stmmiiiat','1989-01-08','female','3'),('qwfffffffffe','nfxe','adsa','ascazc','adacdzcxcv','1989-01-08','female','3'),('qwnnfe','acsfdsff','qww','wmmmmd','csdada','1989-01-08','female','3'),('qwppfe','nafgme','aqd','jhmmmg','y','1989-01-08','female','3'),('qwfartye','atnbtgf','tut','gmhjjj','jg','1989-01-08','female','3'),('qaawfe','nfge','sfgsg','ncmbv','i','1989-01-08','female','3'),
('qffhwfe','agf','mjio','okjhn','hg','1989-01-08','female','3'),('qwfpe','nqfe','ads','dsa','p','1989-01-08','female','3'),('qyoowfe','aqzf','ki','iuii','iou','1989-01-08','female','3'),('qzcvvvwfe','nqfxfsdfse','fgdfgdvxxx','ix','xx','1989-01-08','female','3'),('qwccfe','aqcf','ffkk','ik','llli','1989-01-08','female','3'),('qwppppfe','nqffe','hyfgy','dfmigf','m','1989-01-08','female','3'),('qwoofe','aqzfh','ttt','mhhhhhh','nbvb','1989-01-08','female','3'),
('qe','nhqfxe','cccd','ddkdc','cdcd','1989-01-08','female','3'),('qwfeffv','aqchf','yook','o','oooo','1989-01-08','female','3'),('qwlfdfe','nqdfe','qqqe','eieeq','qewfffd','1989-01-08','female','3'),('qwofe','aqdzf','c','cic','ccc','1989-01-08','female','3'),('qwjjfe','ndqfxe','juy','gjgijgj','gjmb','1989-01-08','female','3'),('qwfme','aqdcf','dsfdsfsfsf','nnnnmnv','fffv','1989-01-08','female','3');